DATE,barley,maize,soy,wheat
1990-01-01,75.5686718942764,105.900512695313,209.8274827,167.918579101563
1990-02-01,73.8647012912272,106.294166564941,208.449456325,160.937271118164
1990-03-01,70.0445793762433,109.83731842041,218.2793778,156.528030395508
1990-04-01,68.7690824158012,118.498336791992,220.66795685,159.467529296875
1990-05-01,71.0260764087814,121.254096984863,228.31600323125,149.179290771484
1990-06-01,80.2318685405609,120.073066711426,221.05839765625,135.584136962891
1990-07-01,77.9935506085322,114.955192565918,222.4593911375,124.92847442627
1990-08-01,83.7762764196815,109.83731842041,222.71202930625,116.844856262207
1990-09-01,88.3859504253821,102.357360839844,226.91500975,114.272811889648
1990-10-01,88.1628374110534,99.9952697753906,224.802035975,114.640243530273
1990-11-01,91.4739658980174,99.9952697753906,211.84858805,112.803070068359
1990-12-01,89.8132705081484,102.357360839844,213.8696934,113.17049407959
1991-01-01,93.8846546938438,105.506813049316,207.50780496875,111.333320617676
1991-02-01,92.0363780002353,106.294166564941,210.12605508125,113.905372619629
1991-03-01,88.0936313727235,109.049957275391,213.31848285,119.416923522949
1991-04-01,85.1514851640752,110.231010437012,215.89079875,120.886665344238
1991-05-01,85.2979558684412,105.735160827637,210.654298525,122.036750793457
1991-06-01,71.2807629615729,105.113136291504,208.8628642375,120.151794433594
1991-07-01,72.271881513897,105.72989654541,199.10184408125,118.209587097168
1991-08-01,67.058534779335,110.118812561035,208.081982625,125.326843261719
1991-09-01,67.4261083743842,108.853126525879,216.23530534375,135.37287902832
1991-10-01,68.2080132829313,109.523323059082,205.7393377875,146.887191772461
1991-11-01,73.2991241263381,106.797866821289,205.67043646875,149.536529541016
1991-12-01,75.4342323470368,106.720680236816,204.15460745625,160.836669921875
1992-01-01,73.4190150532563,109.586357116699,208.61022606875,169.954772949219
1992-02-01,71.2807388449983,113.921257019043,211.1595748625,177.130599975586
1992-03-01,72.6449468693306,116.684593200684,216.14343691875,169.350738525391
1992-04-01,75.2280701754386,109.055137634277,211.2973775,159.931198120117
1992-05-01,84.7789824854045,109.177909851074,220.36938446875,149.689117431641
1992-06-01,84.8923214923717,110.201927185059,224.3886280625,148.665725708008
1992-07-01,77.3722794785143,102.394058227539,208.10494973125,136.31901550293
1992-08-01,77.0425728440675,97.5399322509766,202.86844950625,128.168487548828
1992-09-01,83.5719545119856,98.2166748046875,202.8914166125,138.735794067383
1992-10-01,82.2079695262572,94.5597686767578,197.67788349375,140.581283569336
1992-11-01,82.1175078864353,95.1726608276367,205.21109434375,147.574188232422
1992-12-01,79.5459222425515,94.0434188842773,208.90879845,147.827651977539
1993-01-01,75.0821853475266,94.09521484375,212.33089728125,155.650772094727
1993-02-01,74.8298467053559,94.2540740966797,210.03418665625,148.884384155273
1993-03-01,75.1603106138005,97.5351867675781,214.12233156875,147.899658203125
1993-04-01,77.4459921594795,100.487373352051,217.6822330375,141.992401123047
1993-05-01,77.4604624787348,99.2226715087891,221.494772675,136.580810546875
1993-06-01,75.3014189438963,92.7262115478516,221.9081805875,121.81778717041
1993-07-01,74.0274263719688,101.888687133789,258.8392874375,127.522399902344
1993-08-01,69.6930667132379,100.312896728516,246.64375401875,129.797012329102
1993-09-01,64.4094871894684,101.031677246094,236.0559180375,131.294311523438
1993-10-01,60.9484812837451,105.767631530762,226.088193925,135.956161499023
1993-11-01,63.8543989609838,115.92845916748,243.93363548125,146.501602172852
1993-12-01,68.3099120763508,121.229499816895,252.52333321875,158.645385742188
1994-01-01,74.6189348393757,126.716453552246,255.60092545625,153.207977294922
1994-02-01,72.2939594214993,123.64900970459,249.67541204375,147.037521362305
1994-03-01,68.29429967271,120.107292175293,250.54816208125,141.04377746582
1994-04-01,66.8947608266364,113.416732788086,242.7623130625,140.452667236328
1994-05-01,68.5543154708017,110.601257324219,250.22662259375,140.147354125977
1994-06-01,67.7820567904252,112.083099365234,249.606510725,139.304428100586
1994-07-01,64.3194050581631,98.7315521240234,223.24027275,137.600448608398
1994-08-01,66.1582981643959,96.1568756103516,214.0993644625,146.024124145508
1994-09-01,72.2699918249958,97.6050567626953,207.87527866875,158.785140991211
1994-10-01,80.1358586427625,96.1100006103516,198.711403275,167.188064575195
1994-11-01,83.9798961103662,95.605712890625,205.39483119375,161.986770629883
1994-12-01,86.486039792297,102.555236816406,206.3824167625,164.62174987793
1995-01-01,85.4540981230768,106.898773193359,202.50097580625,156.213088989258
1995-02-01,85.772325795603,106.977661132813,203.64933111875,154.420104980469
1995-03-01,90.8300850249922,109.627067565918,209.34517346875,150.385986328125
1995-04-01,93.3961304202462,109.640487670898,211.27441039375,148.978652954102
1995-05-01,100.794362305635,111.927581787109,211.64188409375,158.611557006836
1995-06-01,105.767961344493,120.007438659668,216.64871325625,169.98078918457
1995-07-01,112.969004893964,127.309562683105,226.91500975,190.08528137207
1995-08-01,104.869557165986,126.297080993652,218.922456775,184.393295288086
1995-09-01,104.821096740281,130.51301574707,232.58788499375,193.671279907227
1995-10-01,112.703721399374,140.816360473633,240.99384588125,203.791748046875
1995-11-01,125.760202246701,143.21223449707,249.7443133625,204.067321777344
1995-12-01,125.004179488569,148.188522338867,263.96095213125,208.924942016602
1996-01-01,124.933059695783,156.67073059082,270.11613660625,196.428301666667
1996-02-01,123.311523082515,164.71223449707,268.255801,206.166963968254
1996-03-01,124.470827779161,170.961151123047,265.775353525,205.257120793651
1996-04-01,132.687072327275,189.03303527832,290.41905853125,239.516215714286
1996-05-01,137.787852349087,203.998931884766,295.51775611875,248.59486826087
1996-06-01,138.136213841084,196.639312744141,284.60838065,215.2260275
1996-07-01,133.090579693302,197.619995117188,288.76542688125,196.38691057971
1996-08-01,115.008002865828,186.820068359375,296.29863773125,181.497011666667
1996-09-01,103.39967135293,145.239181518555,297.49292725625,170.980528888889
1996-10-01,102.405997426136,128.608795166016,259.8039059,169.595984927536
1996-11-01,99.994769757242,117.136840820313,255.27938596875,169.265824444444
1996-12-01,100.755612016361,116.835014343262,257.16268868125,167.831071746032
1997-01-01,98.9672194468244,118.695167541504,268.09503125625,167.790752608696
1997-02-01,97.7272727272727,121.746200561523,280.54320284375,164.170702666667
1997-03-01,99.7499690194849,127.860580444336,305.8759210375,167.708592857143
1997-04-01,97.8688881671708,124.712875366211,313.363197675,175.56792
1997-05-01,100.065988567731,118.610809326172,319.8399216375,168.402905
1997-06-01,94.9435685486784,112.58137512207,304.7734999375,141.200661904762
1997-07-01,91.664961282273,106.420722961426,281.1633147125,130.408065652174
1997-08-01,91.2956994233219,111.951019287109,267.58975491875,139.345981587302
1997-09-01,92.507805120736,112.236907958984,255.21048465,138.239695
1997-10-01,102.707709978313,120.244216918945,250.7548660375,136.207174782609
1997-11-01,102.265215488748,117.404762268066,265.43084693125,135.382039833333
1997-12-01,97.0818674926766,113.604362487793,254.59037278125,129.729106594203
1998-01-01,95.7707817130642,114.367256164551,246.00067504375,127.350208333333
1998-02-01,91.4872696081508,113.61873626709,247.42463563125,128.308884
1998-03-01,93.0414376201932,113.840438842773,240.12109584375,128.235396666667
1998-04-01,91.8536961787464,106.687858581543,235.091299575,118.197695
1998-05-01,93.0103806228374,105.966926574707,236.1477864625,118.349600634921
1998-06-01,91.5745652946945,101.751693725586,231.11799019375,112.368813333333
1998-07-01,85.202637752667,100.904479980469,232.42711525,106.620535362319
1998-08-01,73.2024186079108,88.3582077026367,202.2483376375,97.00328
1998-09-01,73.1180170493938,85.7144470214844,193.3371004125,97.5711366666667
1998-10-01,74.739165329053,95.494758605957,200.75547573125,112.155668253968
1998-11-01,79.2596971488336,97.3845291137695,209.89638401875,115.611322619048
1998-12-01,78.3881738640617,95.3247604370117,204.9125219625,111.804587463768
1999-01-01,77.7065919648682,97.4518737792969,195.036666275,111.893213492063
1999-02-01,75.3083040107898,94.5640047227443,179.67167219375,104.278526
1999-03-01,75.1954470570615,96.4264500776398,175.0552838375,104.575670434783
1999-04-01,79.7279204276744,94.0384785289116,177.5357313125,102.331111666667
1999-05-01,81.5259396053487,92.7170656696428,171.44944815625,99.6103306349206
1999-06-01,80.5440560392572,92.9470118303571,170.0025204625,99.9427733333333
1999-07-01,76.8615913701151,83.5984030357143,158.31226338125,93.0139676190476
1999-08-01,75.145145001412,86.3819147321428,172.00065870625,98.0220816666666
1999-09-01,71.4372773933181,87.1209208758503,180.63629065625,94.79866
1999-10-01,72.2944802765207,85.6504712053571,178.1788102875,88.5522366666667
1999-11-01,73.140271827952,85.4093406300459,171.1968099875,91.6754483333333
1999-12-01,72.3570337688783,87.2228376839286,169.95658625,90.4373465217391
2000-01-01,73.1332776600664,92.9532749553571,180.3836524875,93.6228626666666
2000-02-01,73.3645812105156,95.0816190401786,185.75795535,98.1668294444444
2000-03-01,74.3986754517413,95.1693511057143,190.97148846875,96.3962107246377
2000-04-01,76.9534601816919,95.5393729517857,197.1037058375,94.4312233333333
2000-05-01,78.2569709729733,95.5305508928571,200.8703112625,99.1120469565218
2000-06-01,78.4832093233816,84.0395145034014,186.952244875,103.366615
2000-07-01,78.6813365271406,75.057375212585,169.497244125,97.1257588888889
2000-08-01,75.1326738466872,75.2405311428571,167.86657958125,96.6518188405797
2000-09-01,73.2083139883055,80.150576268797,180.45255380625,103.44217015873
2000-10-01,76.1470229829682,84.7072744047619,173.60835614375,107.775855
2000-11-01,82.4630665379715,88.9371078282313,177.19122471875,105.036781666667
2000-12-01,86.5957555668947,96.2242037593985,185.96465930625,113.740020166667
2001-01-01,85.7532515051725,94.2972332706767,175.4227575375,109.479425
2001-02-01,82.3078945638598,92.3775148214285,167.45317166875,103.323190666667
2001-03-01,83.0743035663541,91.0121535714286,164.37557943125,105.571235
2001-04-01,84.7196450699523,87.5450665178572,158.6108357625,106.154202698413
2001-05-01,89.7266151409977,85.0775230867347,163.87030309375,110.774167246377
2001-06-01,95.0570716347415,83.1606659863946,170.232191525,109.426138730159
2001-07-01,101.977402781508,90.7546695436508,186.65367249375,108.343711666667
2001-08-01,99.3919758041668,92.8790316381988,182.74926443125,104.224209275362
2001-09-01,99.6094490150679,89.7439884868421,172.3451653,103.176216
2001-10-01,101.788001837646,86.2677391304348,160.6319411125,104.831278550725
2001-11-01,100.96791884888,89.8825542410714,162.5611780375,106.801591111111
2001-12-01,102.86016439578,92.3115151680672,160.14963188125,104.370385166667
2002-01-01,99.271779717199,91.9669605867347,160.05776345625,106.189196666667
2002-02-01,99.0109763866696,90.728193843985,160.19556609375,103.837602
2002-03-01,98.9521307095644,89.8579491071429,168.69339540625,102.551573666667
2002-04-01,95.8237328513546,87.1066477678571,171.35757973125,104.802958333333
2002-05-01,97.5469534176339,90.3313050170068,176.64001416875,104.096405217391
2002-06-01,104.110300310345,93.1698001339286,185.36751454375,115.411857
2002-07-01,114.227517813685,99.7000026785715,209.0925353,132.644636666667
2002-08-01,120.986561555999,109.891001785714,208.2197852625,149.61353
2002-09-01,119.74805148798,113.941454196429,208.2197852625,173.342621746032
2002-10-01,120.613861382578,109.64680993323,200.08942965,180.043966666667
2002-11-01,120.130508531619,108.646429375,210.21792350625,164.279183968254
2002-12-01,117.186855037045,107.012648482143,208.24275236875,149.195988333333
2003-01-01,113.704404668652,105.844256122449,208.67359625,140.483285555556
2003-02-01,114.151664366899,106.141079960317,209.613139105263,141.656504385965
2003-03-01,113.653472899142,105.131878911565,210.22208075,129.2458475
2003-04-01,114.589279410936,105.338093367347,221.70886125,126.048273650794
2003-05-01,115.496101242305,107.906400680272,232.412651,131.052411111111
2003-06-01,111.484852215879,107.02530255102,229.77497825,118.157133809524
2003-07-01,96.6193293375373,97.6706649659864,214.0320525,115.775953333333
2003-08-01,88.0703868769148,100.349578214286,208.21867425,133.484491904762
2003-09-01,90.6313970354304,103.238455272109,231.69964825,130.64998047619
2003-10-01,95.696480803033,104.205951552795,268.987847282609,130.056604492754
2003-11-01,101.746416714332,108.10048487395,279.721085644737,141.347084035088
2003-12-01,100.766726286682,111.992209586466,283.185366068182,145.067495396825
2004-01-01,98.5483089778838,116.245588293651,300.8987522625,147.289612380952
2004-02-01,95.5673766069196,122.932429135338,316.551810197368,141.733859473684
2004-03-01,103.029470059649,128.460194875776,360.675360423913,142.548725
2004-04-01,112.531128357598,133.439499659864,363.50454925,146.064823492064
2004-05-01,111.559518338306,129.285215714286,347.87097975,143.184267368421
2004-06-01,114.04805049381,123.278751020408,320.229696340909,136.86140984127
2004-07-01,103.969350414106,104.49448877551,289.785314,132.387431
2004-08-01,87.7722919755341,104.0931375,225.7900365,122.05578
2004-09-01,85.3714688083837,97.7269052721088,206.447103,126.8207655
2004-10-01,87.8883844395501,93.4151484693877,193.43370925,123.056289365079
2004-11-01,95.5333377094733,93.7585103383459,195.8176755,127.133086666667
2004-12-01,92.0438849058409,95.6085204081633,198.59095,123.554573043478
2005-01-01,90.7148026752963,96.03875875,195.6647954625,122.778962166667
2005-02-01,87.3756336221018,94.3593936090225,197.58924675,123.129960877193
2005-03-01,94.1686419754265,100.014011054422,233.180530704545,129.955668333333
2005-04-01,93.3272375466296,96.4708717687075,228.7645265,120.064305079365
2005-05-01,88.8948334494037,95.364812414966,233.462471,119.154461904762
2005-06-01,93.4435281482598,97.6152767857143,254.742401931818,122.473321666667
2005-07-01,96.8053386851054,105.664287142857,253.3478115,130.164439166667
2005-08-01,98.0039678806298,99.2866364285714,230.426931684783,131.558302173913
2005-09-01,97.8922514687879,97.0707683673469,212.01552325,137.386319365079
2005-10-01,98.5255883300402,101.551246088435,211.16691875,143.072839206349
2005-11-01,98.7598181108001,95.9797064285714,210.9000895,136.353997301587
2005-12-01,103.013908233165,102.676052210884,216.542872,139.99337
2006-01-01,103.60208371588,102.7904075,214.0090876875,144.5679565
2006-02-01,101.134038677782,106.936502067669,214.365646618421,158.887350175439
2006-03-01,100.37584468833,104.952080357143,212.714071956522,155.793146666667
2006-04-01,102.12456177219,107.910347368421,208.902438592105,161.208002807018
2006-05-01,107.475568113128,110.624682142857,217.355687181818,176.603423333333
2006-06-01,106.882385503082,109.612356632653,216.503901409091,176.920755
2006-07-01,112.098487409578,114.305610178571,217.2517192125,181.348366833333
2006-08-01,114.530665277422,115.277289285714,203.84366351087,165.129378333333
2006-09-01,115.444588452313,120.269894642857,199.307014725,164.942319666667
2006-10-01,136.597464104903,142.262410714286,217.885965579545,182.432305
2006-11-01,148.147875583964,164.10640125,244.00003925,182.301077619048
2006-12-01,150.967578738806,160.720734821429,243.307595475,179.529555333333
2007-01-01,152.132686233564,165.160018984962,255.8673795,172.5666305
2007-02-01,151.031916885133,177.384885526316,278.038610960526,175.26729
2007-03-01,157.057788347874,169.583269727891,276.959814170455,173.313195
2007-04-01,157.11700365884,152.630566785714,270.3922953375,178.555848166667
2007-05-01,161.689434202992,160.139158928571,283.206243170455,178.006363333333
2007-06-01,184.448762930341,164.537264484127,302.8293275,206.516903650794
2007-07-01,177.907705305571,147.216401315789,313.476252,222.001734603175
2007-08-01,158.883357085981,151.030785714286,309.00652923913,240.686992173913
2007-09-01,184.655657962729,160.125031578947,347.561559118421,297.952459122807
2007-10-01,197.107266403113,164.114103726708,358.402842456522,303.630490724638
2007-11-01,187.60857281633,171.113943392857,389.01517525,286.495618095238
2007-12-01,198.934455693148,180.283263655462,423.0807406875,339.225695925926
2008-01-01,205.608193018944,206.558804323308,461.71521025,336.117065079365
2008-02-01,216.538316483655,220.047597744361,508.2158935875,393.873734833333
2008-03-01,228.662963033725,233.925929285714,495.69088485,403.812896666667
2008-04-01,237.240502415849,246.6418625,482.791340897727,326.851616666667
2008-05-01,238.314584627995,243.531773571429,489.08926675,288.420286349206
2008-06-01,240.979643418651,287.132070892857,552.47214925,314.15835
2008-07-01,248.309560001946,267.141454081633,554.149276465909,299.42748
2008-08-01,212.315247086002,235.159466666667,471.06735675,304.164072666667
2008-09-01,189.434920314629,233.945613392857,433.383193,263.049659365079
2008-10-01,143.998090032153,183.024702891156,338.78490176087,202.774935
2008-11-01,130.155734721562,164.304400210084,329.136527447368,194.114629607843
2008-12-01,114.15620919258,158.909796964286,318.814228806818,188.84494968254
2009-01-01,121.60503185562,173.295129931973,364.7179662,211.276083333333
2009-02-01,112.570223789403,163.399960515873,341.271617842105,195.224902631579
2009-03-01,114.938495703893,164.577030357143,333.657848522727,199.100568333333
2009-04-01,111.019714801715,168.795905442177,374.46641975,200.887646666667
2009-05-01,129.385512549277,180.070212142857,422.3550526125,227.186091
2009-06-01,148.684454553493,179.393794642857,445.108171295455,227.314693833333
2009-07-01,139.959464348904,151.800255357143,398.088761556818,195.325991666667
2009-08-01,122.302633925946,152.036294217687,408.957381,179.554051111111
2009-09-01,103.529574471217,150.592793027211,349.05202725,156.930450634921
2009-10-01,130.55342133184,167.279121428571,354.864809011364,163.726438333333
2009-11-01,155.259188831344,171.686854511278,370.7071893,177.607281403509
2009-12-01,150.768047461024,164.612819642857,379.299369511364,171.155498730159
2010-01-01,146.595328040255,167.335630827068,358.966610210526,167.821862807018
2010-02-01,137.301569843128,161.906961278195,344.660740697368,160.16156037037
2010-03-01,147.063854243859,158.927769409938,348.949327467391,156.464117971015
2010-04-01,151.705081375266,157.266642687075,357.63868,156.825468730159
2010-05-01,142.945853910378,163.240300535714,349.0513711125,158.328459666667
2010-06-01,145.969262712622,152.873933928571,348.5139945,149.21269
2010-07-01,156.355696066337,163.921745578231,370.97576825,182.738502222222
2010-08-01,161.0305438761,175.600130357143,379.462210909091,219.877441666667
2010-09-01,168.203145545398,205.839520408163,390.23121675,240.432182833333
2010-10-01,174.608948409069,235.703122959184,427.17613225,234.599563174603
2010-11-01,179.115686336492,238.23674875,459.961136,241.840133333333
2010-12-01,189.598715318709,250.62555085034,483.755863022727,274.456818166667
2011-01-01,195.124824858949,265.285523979592,511.104867,295.988606833333
2011-02-01,196.3739876626,293.396796992481,512.052467684211,317.600651403509
2011-03-01,202.526046145535,290.43472173913,498.739813173913,285.375811111111
2011-04-01,208.699542703154,318.938776020408,501.468831675,307.254408421053
2011-05-01,208.716437631027,308.575221428571,498.76510775,307.19455031746
2011-06-01,210.166408741206,310.536474285714,499.772775886364,285.29787
2011-07-01,215.459526024734,300.832209464286,501.82708275,271.462209333333
2011-08-01,206.659761165639,310.307111645963,501.423700826087,288.688308333333
2011-09-01,210.633166564314,296.299496428571,490.90895475,272.340557936508
2011-10-01,208.677336619923,274.846376020408,446.016027,251.589134761905
2011-11-01,211.372830375039,274.278348928571,428.8252245,244.53785015873
2011-12-01,212.220973608804,258.51794047619,420.04610475,236.0596865
2012-01-01,210.473044492436,272.920145535714,441.7327614,243.702369166667
2012-02-01,213.464147356999,279.514321428571,461.55598755,245.9804765
2012-03-01,222.683762904625,280.715051964286,496.290475227273,243.493598333333
2012-04-01,237.274389897531,274.219296607143,529.42160145,228.086310833333
2012-05-01,236.984738878733,268.884903571429,520.925455909091,228.87964
2012-06-01,228.299188003509,267.328921768707,522.3291925,241.965793492064
2012-07-01,239.179160442062,332.99885255102,609.4467555,310.746438095238
2012-08-01,260.631688859987,332.233495341615,622.913549771739,315.548219130435
2012-09-01,260.203038126986,320.705905639098,615.18139725,316.653051578947
2012-10-01,253.434691789526,321.382417321428,565.525481804348,318.407834927536
2012-11-01,249.678910327347,321.596870488722,533.028608,319.459936190476
2012-12-01,250.687346638095,308.75040056391,534.7907746125,303.038556140351
2013-01-01,238.811351230991,303.36021122449,526.047305,288.210322539683
2013-02-01,238.283567478495,302.61034047619,536.375830144737,271.678588703704
2013-03-01,235.111153022865,309.579205075188,536.081397075,263.341859
2013-04-01,228.17016398464,279.764846428571,517.789715147727,264.170261666667
2013-05-01,226.886786485421,295.368975,542.199223125,276.045146666667
2013-06-01,223.633556690835,297.111913214286,560.1577065,266.850879166667
2013-07-01,213.456044681572,279.013271428571,548.349617454545,257.472893333333
2013-08-01,187.159745140732,234.938766071429,498.048327238636,258.925938333333
2013-09-01,168.809159551842,207.490173392857,503.2371222375,257.499616
2013-10-01,153.68738034598,201.779992857143,472.827516913043,278.149556666667
2013-11-01,149.014065610858,199.182444172932,476.6622412125,259.777723333333
2013-12-01,146.968491154923,197.553448639456,488.66933875,246.112578730159
2014-01-01,148.770505529138,198.771988605442,476.1021185,229.980359365079
2014-02-01,147.793780792234,209.356019548872,496.798997486842,242.798281578947
2014-03-01,145.984004107188,222.392917176871,522.00112375,275.612493968254
2014-04-01,148.665442133757,222.430410714286,547.18805525,276.382361269841
2014-05-01,159.627545836478,216.975101020408,546.03325325,287.912873809524
2014-06-01,150.747231546918,202.633822959184,528.00259475,261.649900634921
2014-07-01,132.021483276307,182.29451625,463.233671488636,238.549905
2014-08-01,118.634736276855,176.482080612245,432.98513625,229.158001111111
2014-09-01,115.621862446104,163.134381292517,368.84988275,211.171101428571
2014-10-01,104.861481091841,163.378089285714,354.440913065217,210.724928333333
2014-11-01,107.446477841394,178.708535084034,379.344859618421,215.987918235294
2014-12-01,109.843016091197,178.712946088435,378.781617375,234.858836666667
2015-01-01,110.17747907565,174.794871428571,367.49211555,213.0214075
2015-02-01,103.877903722542,173.758865789474,364.739238868421,201.74206877193
2015-03-01,106.073448808822,174.293821428571,359.595560386364,202.691426666667
2015-04-01,106.206743395726,172.151577040816,356.92567725,195.931228253968
2015-05-01,105.821373732943,166.350389464286,351.94953045,193.216571166667
2015-06-01,100.642119326724,166.813860714286,354.823054806818,199.835441666667
2015-07-01,104.870272561268,179.608530357143,372.347294454545,199.21748
2015-08-01,96.1825719272869,162.74069914966,347.02237525,173.517591587302
2015-09-01,92.4998354455521,166.077623979592,323.554524,164.06922015873
2015-10-01,94.5517323005532,171.448573214286,327.419770363636,165.451481904762
2015-11-01,93.7633316248625,166.09242406015,319.0822908,157.804378947368
2015-12-01,88.6691412086164,164.004401785714,323.315332056818,163.893455
2016-01-01,83.0452303945099,161.098876879699,323.204353776316,164.611626666667
2016-02-01,87.0626871415057,159.716845357143,320.12948625,159.283795
2016-03-01,91.5872797556011,159.226532142857,326.935421590909,164.060471666667
2016-04-01,100.820156654182,164.465401870748,353.80246275,163.386837777778
2016-05-01,104.321289651854,169.002119897959,388.5121365,157.560342063492
2016-06-01,114.837895796035,179.912739285714,421.228941715909,156.695036666667
2016-07-01,107.387148003168,161.823044821429,390.4018125,133.710203
2016-08-01,98.578196285799,150.21541242236,370.316587793478,127.899911014493
2016-09-01,95.5036906496031,148.51190170068,355.90210275,123.248756190476
2016-10-01,96.6964269126536,152.617444047619,358.38667675,122.558500166667
2016-11-01,97.8845204426408,151.331415714286,368.3730895,122.549797719298
2016-12-01,95.9879821106264,152.729924659864,375.28877875,122.846325555556
2017-01-01,100.064598313533,160.012106964286,379.589978775,137.145735833333
2017-02-01,103.903969612878,162.962535912698,380.872623986842,147.361442105263
2017-03-01,102.567309299263,158.979119254658,366.095056173913,146.43149942029
2017-04-01,103.346480762933,156.540452067669,347.861310355263,138.407590701754
2017-05-01,104.451106087156,158.600219642857,350.179987261364,146.440213333333
2017-06-01,105.872747634662,157.973907142857,339.728909863636,157.246191666667
2017-07-01,110.811972644303,157.610645892857,365.4528402,174.532416666667
2017-08-01,103.238037225517,148.543430357143,345.410749402174,139.050815072464
2017-09-01,99.2839465787475,147.315857857143,353.86020285,138.413392333333
2017-10-01,93.775983331018,148.722376785714,358.276127522727,133.344516031746
2017-11-01,98.2727392784261,148.792165892857,361.4092835,138.045955666667
2017-12-01,94.3266602163686,149.0874275,357.1533569625,147.1032695
2018-01-01,100.249663493563,155.916875340136,356.868812,156.388044126984
2018-02-01,106.774269622297,163.460969736842,371.232237434211,172.289119122807
2018-03-01,108.987846992471,172.076589965986,381.89389625,180.918815873016
2018-04-01,112.208269943126,175.600982482993,381.2683785,180.376409365079
2018-05-01,117.174179091865,179.179058928571,374.848371306818,192.70383
2018-06-01,103.489650842792,165.140285544218,339.9579615,193.07921984127
2018-07-01,99.0122985496339,156.55426547619,312.56203375,196.806077460317
2018-08-01,98.8701601352608,162.522258540373,316.658804152174,211.29205884058
2018-09-01,95.4333201086106,154.945003383459,306.432788605263,191.144421754386
2018-10-01,102.799517044737,160.365565062112,315.852040304348,188.461606666667
2018-11-01,105.397999338289,160.878207678571,322.28161725,181.552390877193
2018-12-01,101.919686752465,167.489880555556,330.482023725,188.535836296296
2019-01-01,102.459223487593,166.846241496599,333.77714625,188.84494968254
2019-02-01,106.881864838995,169.656283458647,334.503041526316,177.916701754386
2019-03-01,103.896170073376,166.321331972789,329.23667475,164.506644761905
2019-04-01,100.845793264938,161.653386564626,324.254404,159.030088730159
2019-05-01,106.162069313344,171.180153571429,305.310919056818,158.281695
2019-06-01,125.373480758058,195.167922321429,326.6147493,174.697763166667
2019-07-01,128.139517728594,189.486373214286,325.469849011364,163.876753333333
2019-08-01,110.276433680156,163.628614285714,314.626282090909,149.363005
2019-09-01,103.709782177152,157.374436607143,322.453525275,146.570486333333
2019-10-01,112.956558375158,167.297794099379,339.87123723913,153.22109
2019-11-01,113.084408346929,166.361785526316,332.9576305125,157.528264259259
2019-12-01,111.431228662094,167.059017321429,334.94944525,165.254640833333
2020-01-01,115.051659790474,171.814135204082,337.079705,178.241777301587
2020-02-01,110.835956674272,168.744598496241,325.428314565789,172.231102807018
2020-03-01,101.676812669613,162.179148214286,319.336156363636,170.874751666667
2020-04-01,97.9840212618048,147.012160204082,309.994349,179.746517936508
2020-05-01,98.6406263994656,143.98924375,309.3314314125,174.954968833333
2020-06-01,101.678356890104,148.042380357143,318.643036568182,169.722336666667
2020-07-01,102.030510426173,152.587619642857,328.935447988636,170.574121666667
2020-08-01,102.610103648888,149.392999829932,332.14117675,174.182476984127
2020-09-01,102.120478790456,166.602533503401,366.824605,204.137313809524
2020-10-01,102.371164053246,186.7663875,387.575052852273,203.4263
2020-11-01,108.051915664124,190.625037593985,419.585496225,210.753936491228
2020-12-01,112.461382943699,199.184417517007,443.655124977273,217.312542857143
2021-01-01,125.698533425369,231.754461466165,504.312117197368,237.944249824561
2021-02-01,137.84528737861,245.554056578947,507.817272789474,240.806388070175
2021-03-01,138.981324779512,245.760356832298,519.879422315217,229.887549275362
2021-04-01,154.252125666342,268.622448809524,537.418366704545,239.936143333333
2021-05-01,195.835226072675,304.297549659864,576.96794925,278.447005396825
2021-06-01,187.365401443455,292.523726785714,537.355735397727,238.767026666667
2021-07-01,180.169082854825,278.445755612245,523.5714795,243.628006984127
2021-08-01,169.775841552389,257.020755357143,504.040055590909,274.87603
2021-09-01,175.574479097863,235.815603571429,469.44013575,269.733507301587
2021-10-01,208.656285859714,239.60245085034,452.02187225,294.036818253968
2021-11-01,224.3597324741,248.767746071429,454.57643425,317.437354813333
2021-12-01,238.510804566249,264.573146768707,473.8100115,324.017900555555
2022-01-01,250.918794288316,276.719178214286,514.4485437,326.081669833333
2022-02-01,249.247019825637,292.671593045113,583.693013289474,347.5032275
2022-03-01,256.266771626368,335.930684161491,617.198306869565,387.665013697101
2022-04-01,262.955867275532,348.507116964286,618.13839025,406.026886301667
2022-05-01,257.364570457882,344.909299603175,617.122967761364,444.15656781746
2022-06-01,259.13460698966,335.717134013605,621.198178125,397.6523199
2022-07-01,240.298062026603,312.682041964286,571.00147225,321.97512765873
2022-08-01,212.400765428984,293.930790333851,576.824169554348,323.016768768116
2022-09-01,180.587514721541,312.546127891156,537.551980159091,346.322181071428
2022-10-01,175.428493569635,343.553283333333,507.5442275,353.712907166667
2022-11-01,178.61640322843,320.929682857143,529.748119329545,344.329860728333
2022-12-01,179.310375120273,302.235405102041,541.831786125,323.654838134921
2023-01-01,182.428093849177,302.839988392857,555.506288113636,320.097045125
2023-02-01,182.166047816846,298.245303383459,561.2921682375,332.412023436842
2023-03-01,182.891648767901,284.957404968944,547.225521652174,309.429599855072
2023-04-01,185.827098806252,291.179744924812,546.87485895,312.81082437193
2023-05-01,180.370436404109,268.172526360544,508.345095619565,299.44000625
2023-06-01,175.476243855891,266.93523962585,526.295046613636,282.27674528254
2023-07-01,172.928722364228,235.271947278912,555.11419625,278.617600992064
2023-08-01,159.443732784091,207.675888664596,510.150329576087,241.413877753623
2023-09-01,148.20030291778,223.847666428571,487.151474,229.390711
2023-10-01,142.11693105111,221.90251875,471.931072295454,216.463939126984
2023-11-01,143.3029217636,209.040296830357,494.348904715909,216.000269047619
2023-12-01,147.821097843114,207.397968890977,481.48682025,229.633412587719
2024-01-01,161.78526465672,198.757928528912,452.626469673913,226.078531904762
2024-02-01,153.537553904899,188.947744464286,429.72632,219.238068463333
2024-03-01,137.089497430157,190.227211428571,433.52754325,211.841017208333
2024-04-01,132.541107904862,190.90005,427.922140704545,208.3816845
2024-05-01,133.885546395097,201.019470535714,447.494333315217,227.430770416667
2024-06-01,135.990352811461,191.240942946429,430.9714502625,205.226054898333
2024-07-01,139.837320746055,177.767708446429,411.082125391304,183.225634166667
2024-08-01,134.67721365246,169.296742410714,361.829410329545,175.510466266667
2024-09-01,137.721807075205,183.655827659774,372.09557625,188.505216574074
2024-10-01,121.092284985904,189.587905861801,368.491384434783,197.371945833333
